customerID,gender,SeniorCitizen,Partner,Dependents,tenure,PhoneService,MultipleLines,InternetService,OnlineSecurity,OnlineBackup,DeviceProtection,TechSupport,StreamingTV,StreamingMovies,Contract,PaperlessBilling,PaymentMethod,MonthlyCharges,TotalCharges,Churn
7590-VHVEG,Female,0,Yes,No,1,No,No phone service,DSL,No,Yes,No,No,No,No,Month-to-month,Yes,Electronic check,29.85,29.85,0
5575-GNVDE,Male,0,No,No,34,Yes,No,DSL,Yes,No,Yes,No,No,No,One year,No,Mailed check,56.95,1889.5,0
3668-QVRWS,Male,0,No,No,2,Yes,No,DSL,Yes,Yes,No,No,No,No,Month-to-month,Yes,Mailed check,53.85,108.15,1
7795-CFOCW,Male,0,No,No,45,No,No phone service,DSL,Yes,No,Yes,Yes,No,No,One year,No,Bank transfer (automatic),42.3,1840.75,0
9237-HQJSL,Female,0,No,No,2,Yes,No,Fiber optic,No,No,No,No,No,No,Month-to-month,Yes,Electronic check,70.7,151.65,1
9305-CDSKC,Female,0,No,No,8,Yes,Yes,Fiber optic,No,No,Yes,No,Yes,Yes,Month-to-month,Yes,Electronic check,99.65,820.5,1
1452-KTVCR,Male,0,No,No,22,Yes,Yes,Fiber optic,No,Yes,No,No,Yes,No,Month-to-month,Yes,Credit card (automatic),89.1,1949.4,0
6713-OKOMC,Female,0,No,No,10,No,No phone service,DSL,Yes,No,No,No,No,No,Month-to-month,No,Mailed check,29.75,301.9,0
7892-POOKP,Female,0,Yes,No,28,Yes,Yes,Fiber optic,No,No,Yes,Yes,Yes,Yes,Month-to-month,Yes,Electronic check,104.8,3046.05,1
6388-TABGU,Male,0,No,Yes,62,Yes,No,DSL,Yes,Yes,No,No,No,No,One year,No,Bank transfer (automatic),56.15,3487.95,0
9763-GRSKD,Male,0,Yes,Yes,13,Yes,No,DSL,Yes,No,No,No,No,No,Month-to-month,Yes,Mailed check,49.95,587.45,0
7469-LKBCI,Male,0,No,No,16,Yes,No,No,No internet service,No internet service,No internet service,No internet service,No internet service,No internet service,Two year,No,Credit card (automatic),18.95,326.8,0
8091-TTWWU,Male,0,Yes,No,58,Yes,Yes,Fiber optic,No,No,Yes,No,Yes,Yes,One year,No,Credit card (automatic),100.35,5681.1,0
0280-XJGCK,Male,0,No,No,49,Yes,Yes,Fiber optic,No,Yes,Yes,No,Yes,Yes,Month-to-month,Yes,Bank transfer (automatic),103.7,5036.3,1
5129-JLPIS,Male,0,No,No,25,Yes,No,Fiber optic,Yes,No,Yes,Yes,Yes,Yes,Month-to-month,Yes,Electronic check,105.5,2686.05,0
3655-SNQYZ,Female,0,Yes,Yes,69,Yes,Yes,Fiber optic,Yes,Yes,Yes,Yes,Yes,Yes,Two year,No,Credit card (automatic),113.25,7895.15,0
8191-XWSZG,Female,0,No,No,52,Yes,No,No,No internet service,No internet service,No internet service,No internet service,No internet service,No internet service,One year,No,Mailed check,20.65,1022.95,0
9959-WOFZJ,Male,0,Yes,Yes,71,Yes,Yes,Fiber optic,Yes,No,Yes,No,Yes,Yes,Two year,No,Bank transfer (automatic),106.7,7382.25,0
4190-MFLRF,Female,0,Yes,No,10,Yes,No,DSL,No,No,Yes,Yes,No,No,Month-to-month,No,Credit card (automatic),55.2,528.35,1
4183-MYFRB,Female,0,No,No,21,Yes,No,Fiber optic,No,Yes,Yes,No,No,Yes,Month-to-month,Yes,Electronic check,90.05,1862.9,0
8779-QRDMV,Male,1,No,No,1,No,No phone service,DSL,No,No,Yes,No,No,Yes,Month-to-month,Yes,Electronic check,39.65,39.65,1
1680-VDCWW,Male,0,Yes,No,12,Yes,No,No,No internet service,No internet service,No internet service,No internet service,No internet service,No internet service,One year,No,Bank transfer (automatic),19.8,202.25,0
1066-JBWNX,Female,0,No,Yes,1,Yes,No,No,No internet service,No internet service,No internet service,No internet service,No internet service,No internet service,Month-to-month,No,Mailed check,18.55,18.55,0
6467-CHFJZ,Male,0,Yes,No,25,Yes,Yes,Fiber optic,No,No,No,No,Yes,Yes,Month-to-month,Yes,Electronic check,99.5,2500.2,1
8456-QDAVC,Male,0,No,No,19,Yes,No,Fiber optic,No,No,No,No,No,No,Month-to-month,Yes,Bank transfer (automatic),78.7,1495.1,0
2671-ZMLQZ,Female,0,Yes,Yes,30,Yes,No,DSL,Yes,Yes,No,Yes,No,No,Month-to-month,Yes,Credit card (automatic),63.75,1915.25,0
2154-RCOGI,Male,0,Yes,Yes,47,Yes,Yes,Fiber optic,No,Yes,No,No,Yes,Yes,Month-to-month,Yes,Electronic check,99.25,4634.35,1
0795-VBLAC,Male,0,No,No,1,No,No phone service,DSL,No,No,No,No,No,No,Month-to-month,No,Electronic check,24.1,24.1,1
4720-WMNVP,Male,0,Yes,No,72,Yes,Yes,Fiber optic,Yes,Yes,Yes,Yes,Yes,Yes,Two year,Yes,Credit card (automatic),114.05,8468.2,0
7398-LXGYX,Male,0,Yes,No,17,Yes,Yes,Fiber optic,No,No,Yes,No,No,No,Month-to-month,Yes,Electronic check,84.75,1401.35,0
4472-LVYGI,Female,0,Yes,Yes,0,No,No phone service,DSL,Yes,Yes,Yes,Yes,Yes,No,Two year,Yes,Bank transfer (automatic),61.9,858.55,0
3115-CZMZD,Male,0,No,Yes,0,Yes,No,No,No internet service,No internet service,No internet service,No internet service,No internet service,No internet service,Two year,No,Mailed check,20.25,858.55,0
5709-LSTFB,Female,0,Yes,Yes,0,Yes,Yes,No,No internet service,No internet service,No internet service,No internet service,No internet service,No internet service,Two year,No,Mailed check,25.35,858.55,0
4367-NUYAO,Male,0,Yes,Yes,0,Yes,Yes,No,No internet service,No internet service,No internet service,No internet service,No internet service,No internet service,Two year,No,Mailed check,25.75,858.55,0
1371-DWPAZ,Female,0,Yes,Yes,0,No,No phone service,DSL,Yes,Yes,Yes,Yes,Yes,No,Two year,No,Credit card (automatic),56.05,858.55,0
7613-LLNLA,Male,0,No,No,12,Yes,Yes,Fiber optic,No,No,No,No,No,No,Month-to-month,Yes,Electronic check,74.55,896.6,1
5919-TMRGD,Female,0,No,Yes,1,Yes,No,Fiber optic,No,No,No,No,No,No,Month-to-month,Yes,Electronic check,79.35,79.35,1
8108-UXAWW,Male,0,No,No,60,Yes,No,Fiber optic,No,Yes,Yes,Yes,Yes,Yes,One year,Yes,Electronic check,104.1,6328.4,0
9420-LOASB,Male,1,No,No,2,Yes,No,Fiber optic,No,No,No,No,No,No,Month-to-month,Yes,Electronic check,69.55,139.1,1
2889-FPWRT,Male,0,Yes,Yes,72,Yes,Yes,Fiber optic,Yes,Yes,Yes,Yes,Yes,Yes,Two year,Yes,Electronic check,110.15,7932.85,0
6047-YHPVI,Male,0,No,No,5,Yes,No,Fiber optic,No,No,No,No,No,No,Month-to-month,Yes,Electronic check,69.7,348.5,1
6575-SUWKW,Female,0,Yes,No,3,Yes,Yes,Fiber optic,No,No,No,No,No,No,Month-to-month,Yes,Electronic check,79.2,237.6,1
4607-HMKCZ,Male,0,No,No,15,Yes,Yes,Fiber optic,No,No,No,No,No,No,Month-to-month,Yes,Electronic check,75.05,1125.75,1
8865-TNMNX,Male,0,Yes,Yes,10,Yes,No,DSL,No,Yes,No,No,No,No,Month-to-month,No,Mailed check,49.55,495.5,0
4801-JZAZL,Female,0,Yes,Yes,11,No,No phone service,DSL,Yes,No,No,No,No,No,Month-to-month,Yes,Electronic check,29.6,325.6,0
5386-THKWD,Female,0,Yes,No,39,Yes,No,Fiber optic,No,No,Yes,No,Yes,Yes,Month-to-month,Yes,Credit card (automatic),95.65,3730.35,0
0013-EXKIS,Female,0,Yes,Yes,12,Yes,No,DSL,No,Yes,No,No,No,No,Month-to-month,Yes,Electronic check,51.25,615.0,0
5380-WJKOV,Male,0,No,No,34,Yes,Yes,Fiber optic,No,Yes,Yes,No,Yes,Yes,Month-to-month,Yes,Electronic check,106.35,3615.9,1
8168-UQWWL,Female,0,Yes,Yes,13,Yes,No,Fiber optic,No,No,No,No,Yes,No,Month-to-month,Yes,Electronic check,80.7,1049.1,1
0999-QXVPB,Female,0,No,No,1,Yes,No,Fiber optic,No,No,No,No,No,No,Month-to-month,Yes,Electronic check,70.15,70.15,1
2085-JVROB,Male,0,No,No,5,Yes,No,Fiber optic,No,No,No,No,No,No,Month-to-month,Yes,Electronic check,69.4,347.0,1
3258-ZKPAW,Male,1,Yes,No,48,Yes,Yes,Fiber optic,No,No,Yes,No,Yes,Yes,Month-to-month,Yes,Bank transfer (automatic),99.3,4766.4,0
7892-BCGFZ,Male,0,Yes,Yes,68,Yes,Yes,DSL,Yes,Yes,Yes,Yes,Yes,No,Two year,No,Credit card (automatic),78.8,5358.4,0
8044-BGKDI,Female,0,No,No,8,Yes,No,Fiber optic,No,No,No,No,No,No,Month-to-month,Yes,Electronic check,71.2,569.6,1
4808-YNZAU,Female,0,No,No,2,Yes,No,DSL,No,No,No,No,No,No,Month-to-month,Yes,Mailed check,45.7,91.4,1
0318-ZAGVM,Male,0,No,No,1,Yes,No,Fiber optic,No,No,No,No,No,No,Month-to-month,Yes,Electronic check,70.3,70.3,1
1891-JYUZI,Male,0,Yes,No,41,Yes,Yes,Fiber optic,Yes,No,Yes,No,Yes,Yes,One year,Yes,Electronic check,104.5,4284.5,0
9334-GONWV,Male,0,No,No,14,Yes,No,DSL,No,No,No,No,No,No,Month-to-month,Yes,Mailed check,44.9,628.6,0
4482-VJBDS,Female,0,No,No,3,Yes,No,Fiber optic,No,No,No,No,No,No,Month-to-month,Yes,Electronic check,70.1,210.3,1
3957-SQDCM,Male,0,Yes,Yes,65,Yes,Yes,Fiber optic,Yes,Yes,Yes,Yes,Yes,Yes,Two year,Yes,Bank transfer (automatic),112.3,7299.5,0
6786-OBWBL,Male,0,No,No,4,Yes,No,DSL,No,No,No,No,No,No,Month-to-month,Yes,Electronic check,45.25,181.0,1
5524-KZEKH,Male,0,Yes,Yes,50,Yes,Yes,Fiber optic,No,Yes,Yes,No,Yes,Yes,Month-to-month,Yes,Electronic check,105.05,5252.5,0
1386-LCJWL,Female,0,Yes,No,26,Yes,No,DSL,Yes,Yes,No,Yes,No,No,Month-to-month,No,Credit card (automatic),62.0,1612.0,0
4976-LHQWL,Female,0,No,No,1,Yes,No,Fiber optic,No,No,No,No,No,No,Month-to-month,Yes,Electronic check,69.1,69.1,1
7639-SOLAY,Female,0,No,No,1,Yes,Yes,Fiber optic,No,No,No,No,Yes,Yes,Month-to-month,Yes,Electronic check,95.7,95.7,1
2967-MXGLD,Male,0,No,No,7,Yes,No,DSL,No,No,No,No,No,No,Month-to-month,Yes,Mailed check,44.6,312.2,1
8908-FLFPO,Male,0,No,No,6,Yes,Yes,Fiber optic,No,No,No,No,No,No,Month-to-month,Yes,Electronic check,74.4,446.4,1
4635-EJTVT,Female,0,Yes,Yes,40,Yes,Yes,Fiber optic,Yes,No,Yes,Yes,No,Yes,One year,Yes,Credit card (automatic),98.85,3954.0,0
5956-YHHRW,Male,0,No,No,18,Yes,No,DSL,No,No,No,No,No,No,Month-to-month,Yes,Electronic check,44.5,801.0,0
3675-YDXZK,Female,0,No,No,3,Yes,No,Fiber optic,No,No,No,No,No,No,Month-to-month,Yes,Electronic check,70.5,211.5,1
1894-IGGAK,Male,0,Yes,No,66,Yes,Yes,Fiber optic,Yes,Yes,Yes,Yes,Yes,Yes,Two year,Yes,Bank transfer (automatic),110.5,7293.0,0
8966-KZKWR,Male,0,Yes,Yes,55,Yes,Yes,DSL,Yes,Yes,No,Yes,No,No,Two year,No,Mailed check,64.75,3561.25,0
3801-HDFZE,Female,0,No,No,9,Yes,No,Fiber optic,No,No,No,No,No,No,Month-to-month,Yes,Electronic check,69.25,623.25,1
8168-UQWWM,Female,0,No,No,1,Yes,No,DSL,No,No,No,No,No,No,Month-to-month,Yes,Mailed check,44.1,44.1,1
7562-GSUEX,Male,0,Yes,No,64,Yes,Yes,Fiber optic,Yes,Yes,Yes,No,Yes,Yes,One year,Yes,Bank transfer (automatic),108.25,6928.0,0
9070-SOUAWH,Female,0,No,No,2,Yes,No,Fiber optic,No,No,No,No,No,No,Month-to-month,Yes,Electronic check,70.25,140.5,1
7254-IQCBA,Male,0,No,No,5,Yes,No,Fiber optic,No,No,No,No,No,No,Month-to-month,Yes,Electronic check,69.95,349.75,1
4086-WITCX,Female,0,Yes,Yes,70,Yes,Yes,Fiber optic,Yes,Yes,Yes,Yes,Yes,Yes,Two year,Yes,Bank transfer (automatic),111.45,7801.5,0
7340-WQZTP,Male,0,No,No,8,Yes,No,DSL,No,No,No,No,No,No,Month-to-month,Yes,Mailed check,45.1,360.8,0
5136-RWVUQ,Male,0,Yes,Yes,61,Yes,Yes,Fiber optic,Yes,No,Yes,Yes,Yes,Yes,Two year,Yes,Credit card (automatic),109.8,6697.8,0
9489-WMDZZ,Male,0,No,No,1,Yes,No,Fiber optic,No,No,No,No,No,No,Month-to-month,Yes,Electronic check,70.6,70.6,1
2921-XWFFF,Male,0,Yes,No,24,Yes,No,DSL,Yes,No,Yes,Yes,No,No,One year,No,Credit card (automatic),60.4,1449.6,0
0639-TSIRO,Female,0,No,No,3,Yes,No,Fiber optic,No,No,No,No,No,No,Month-to-month,Yes,Electronic check,70.15,210.45,1
8887-NCUZC,Male,0,Yes,Yes,72,Yes,Yes,Fiber optic,Yes,Yes,Yes,Yes,Yes,Yes,Two year,No,Credit card (automatic),114.7,8258.4,0
5167-ZFFFL,Male,0,No,No,4,Yes,No,Fiber optic,No,No,No,No,No,No,Month-to-month,Yes,Electronic check,69.85,279.4,1
9286-BCLAV,Female,0,No,No,12,Yes,Yes,Fiber optic,No,No,No,No,Yes,Yes,Month-to-month,Yes,Electronic check,94.35,1132.2,1
4737-AQCYL,Female,0,Yes,No,67,Yes,Yes,Fiber optic,Yes,Yes,Yes,Yes,Yes,Yes,Two year,Yes,Bank transfer (automatic),112.5,7537.5,0
7602-MVRMB,Male,0,No,No,2,Yes,No,DSL,No,No,No,No,No,No,Month-to-month,Yes,Mailed check,44.8,89.6,1
2685-HVROB,Female,0,Yes,Yes,52,Yes,Yes,Fiber optic,No,Yes,Yes,No,Yes,Yes,One year,Yes,Credit card (automatic),103.5,5382.0,0
5915-ANOJH,Female,0,No,No,6,Yes,No,Fiber optic,No,No,No,No,No,No,Month-to-month,Yes,Electronic check,69.8,418.8,1
4801-JZAZM,Female,0,Yes,Yes,59,Yes,Yes,Fiber optic,Yes,Yes,Yes,Yes,Yes,Yes,Two year,Yes,Bank transfer (automatic),110.8,6537.2,0
6035-RIIOM,Male,0,Yes,No,23,Yes,No,DSL,Yes,No,Yes,No,No,No,Month-to-month,Yes,Credit card (automatic),54.7,1258.1,0
9031-YIQZJ,Male,0,No,No,1,Yes,No,Fiber optic,No,No,No,No,No,No,Month-to-month,Yes,Electronic check,70.4,70.4,1
3192-NKWGA,Female,0,No,No,7,Yes,No,Fiber optic,No,No,No,No,No,No,Month-to-month,Yes,Electronic check,69.5,486.5,1
7134-MJB2C,Male,0,Yes,Yes,63,Yes,Yes,Fiber optic,Yes,Yes,Yes,Yes,Yes,Yes,Two year,No,Bank transfer (automatic),111.0,6993.0,0
5092-FBUPJ,Male,0,No,No,2,Yes,No,DSL,No,No,No,No,No,No,Month-to-month,Yes,Mailed check,44.75,89.5,1
1092-IDKZW,Male,0,Yes,No,45,Yes,Yes,Fiber optic,No,Yes,No,Yes,Yes,Yes,One year,Yes,Credit card (automatic),102.6,4617.0,0
3413-BMNZE,Male,0,No,No,1,Yes,No,DSL,No,No,No,No,No,No,Month-to-month,Yes,Electronic check,45.2,45.2,1
8043-PNMOL,Female,0,Yes,Yes,67,Yes,Yes,Fiber optic,Yes,Yes,Yes,Yes,Yes,Yes,Two year,Yes,Credit card (automatic),113.8,7624.6,0
